"Query","Match","HMDB","PubChem","KEGG","SMILES","Comment"
"HMDB0000715","Kynurenic acid","HMDB0000715","3845","C01717","OC(=O)C1=CC(=O)C2=CC=CC=C2N1","1"
"HMDB0000881","Xanthurenic acid","HMDB0000881","5699","C02470","OC(=O)C1=NC2=C(O)C=CC=C2C(O)=C1","1"
"HMDB0000870","Histamine","HMDB0000870","774","C00388","NCCC1=CNC=N1","1"
"HMDB0000630","Cytosine","HMDB0000630","597","C00380","NC1=CC=NC(=O)N1","1"
"HMDB0002820","Methylimidazoleacetic acid","HMDB0002820","75810","C05828","CN1C=NC(CC(O)=O)=C1","1"
"HMDB0004988","Pi-Methylimidazoleacetic acid","HMDB0004988","6451814",NA,"CN1C=NC=C1CC(O)=O","1"
"HMDB0013253","N-Acetylhistamine","HMDB0013253","69602","C05135","CC(=O)NCCC1=CN=CN1","1"
"HMDB0031641","Pyrrolidine","HMDB0031641","31268",NA,"C1CCNC1","1"
"HMDB0000875","Trigonelline","HMDB0000875","5570","C01004","C[N+]1=CC=CC(=C1)C([O-])=O","1"
"HMDB0001406","Niacinamide","HMDB0001406","936","C00153","NC(=O)C1=CC=CN=C1","1"
"HMDB0001431","Pyridoxamine","HMDB0001431","1052","C00534","CC1=C(O)C(CN)=C(CO)C=N1","1"
"HMDB0001488","Nicotinic acid","HMDB0001488","938","C00253","OC(=O)C1=CN=CC=C1","1"
"HMDB0001545","Pyridoxal","HMDB0001545","1050","C00250","CC1=NC=C(CO)C(C=O)=C1O","1"
"HMDB0000239","Pyridoxine","HMDB0000239","1054","C00314","CC1=C(O)C(CO)=C(CO)C=N1","1"
"HMDB0000017","4-Pyridoxic acid","HMDB0000017","6723","C00847","CC1=NC=C(CO)C(C(O)=O)=C1O","1"
"HMDB0002189","N8-Acetylspermidine","HMDB0002189","123689","C01029","CC(=O)NCCCCNCCCN","1"
"HMDB0002284","N-Acetylcadaverine","HMDB0002284","189087",NA,"CC(=O)NCCCCCN","1"
"HMDB0041947","N1,N8-Diacetylspermidine","HMDB0041947","389613",NA,"CC(=O)NCCCCNCCCNC(C)=O","1"
"HMDB0002172","N1,N12-Diacetylspermine","HMDB0002172","132680","C03413","CC(=O)NCCCNCCCCNCCCNC(C)=O","1"
"HMDB0004827","Proline betaine","HMDB0004827","115244","C10172","C[N+]1(C)CCC[C@H]1C([O-])=O","1"
"HMDB0006548","Ecgonine","HMDB0006548","443003","C10858","CN1C2CCC1[C@H]([C@@H](O)C2)C(O)=O","1"
"HMDB0000132","Guanine","HMDB0000132","764","C00242","NC1=NC(=O)C2=C(N1)N=CN2","1"
"HMDB0000262","Thymine","HMDB0000262","1135","C00178","CC1=CNC(=O)NC1=O","1"
"HMDB0001248","FAD","HMDB0001248","643975","C00016","CC1=CC2=C(C=C1C)N(C[C@H](O)[C@H](O)[C@H](O)COP(O)(=O)OP(O)(=O)OC[C@H]1O[C@H]([C@H](O)[C@@H]1O)N1C=NC3=C1N=CN=C3N)C1=NC(=O)NC(=O)C1=N2","1"
"HMDB0001354","5,10-Methenyltetrahydrofolic acid","HMDB0001354","135450599","C00445","[H][C@@]12CN(C=[N+]1C1=C(NC2)NC(N)=NC1=O)C1=CC=C(C=C1)C(=O)N[C@@H](CCC(O)=O)C([O-])=O","1"
"HMDB0000157","Hypoxanthine","HMDB0000157","790","C00262","OC1=NC=NC2=C1NC=N2","1"
"HMDB0000034","Adenine","HMDB0000034","190","C00147","NC1=C2NC=NC2=NC=N1","1"
"HMDB0011600","3-Methyladenine","HMDB0011600","1673","C00913","CN1C=NC(N)=C2N=CN=C12","1"
"HMDB0001182","6,8-Dihydroxypurine","HMDB0001182","83252",NA,"O=C1NC2=C(N1)C(=O)N=CN2","1"
"HMDB0031402","23-Acetoxysoladulcidine","HMDB0031402","131751167",NA,"CC1C2C(CC3C4CCC5CC(O)CCC5(C)C4CCC23C)OC11NCC(C)CC1OC(C)=O","1"
"HMDB0029444","2-Pyrrolidineacetic acid","HMDB0029444","2761541",NA,"OC(=O)C[C@@H]1CCCN1","1"
"HMDB0000259","Serotonin","HMDB0000259","5202","C00780","NCCC1=CNC2=C1C=C(O)C=C2","1"
"HMDB0000763","5-Hydroxyindoleacetic acid","HMDB0000763","1826","C05635","OC(=O)CC1=CNC2=C1C=C(O)C=C2","1"
"HMDB0000671","Indolelactic acid","HMDB0000671","676157","C02043","O[C@@H](CC1=CNC2=C1C=CC=C2)C(O)=O","1"
"HMDB0000197","Indoleacetic acid","HMDB0000197","802","C00954","OC(=O)CC1=CNC2=C1C=CC=C2","1"
"HMDB0002302","Indole-3-propionic acid","HMDB0002302","3744",NA,"OC(=O)CCC1=CNC2=C1C=CC=C2","1"
"HMDB0004067","Leucodopachrome","HMDB0004067","161255","C05604","OC(=O)[C@@H]1CC2=CC(O)=C(O)C=C2N1","1"
"HMDB0000292","Xanthine","HMDB0000292","1188","C00385","O=C1NC2=C(NC=N2)C(=O)N1","1"
"HMDB0002894","5-Methylcytosine","HMDB0002894","65040","C02376","CC1=C(N)NC(=O)N=C1","1"
"HMDB0013031","O2'-4a-cyclic-tetrahydrobiopterin","HMDB0013031","53481451",NA,"C[C@H]1OC23NC(CNC2=NC(N)=NC3=O)[C@H]1O","1"
"HMDB0004157","Stercobilinogen","HMDB0004157","9548718","C05789","[H][C@@]1(CC2=C(C)C(CCC(O)=O)=C(CC3=C(CCC(O)=O)C(C)=C(C[C@]4([H])NC(=O)[C@H](C)[C@H]4CC)N3)N2)NC(=O)[C@H](CC)[C@H]1C","1"
"HMDB0003355","5-Aminopentanoic acid","HMDB0003355","138","C00431","NCCCCC(O)=O","1"
"HMDB0000991","DL-2-Aminooctanoic acid","HMDB0000991","69522",NA,"CCCCCCC(N)C(O)=O","1"
"HMDB0004195","5-L-Glutamyl-taurine","HMDB0004195","68759","C05844","N[C@@H](CCC(=O)NCCS(O)(=O)=O)C(O)=O","1"
"HMDB0000192","L-Cystine","HMDB0000192","67678","C00491","N[C@@H](CSSC[C@H](N)C(O)=O)C(O)=O","1"
"HMDB0000123","Glycine","HMDB0000123","750","C00037","NCC(O)=O","1"
"HMDB0000641","Glutamine","HMDB0000641","5961","C00064","N[C@@H](CCC(N)=O)C(O)=O","1"
"HMDB0000070","Pipecolic acid","HMDB0000070","849","C00408","OC(=O)C1CCCCN1","1"
"HMDB0000148","Glutamic acid","HMDB0000148","33032","C00025","N[C@@H](CCC(O)=O)C(O)=O","1"
"HMDB0000279","Saccharopine","HMDB0000279","160556","C00449","N[C@@H](CCCCN[C@@H](CCC(O)=O)C(O)=O)C(O)=O","1"
"HMDB0000904","Citrulline","HMDB0000904","9750","C00327","N[C@@H](CCCNC(N)=O)C(O)=O","1"
"HMDB0000043","Betaine","HMDB0000043","247","C00719","C[N+](C)(C)CC(O)=O","1"
"HMDB0000517","L-Arginine","HMDB0000517","6322","C00062","N[C@@H](CCCNC(N)=N)C(O)=O","1"
"HMDB0000162","Proline","HMDB0000162","145742","C00148","OC(=O)[C@@H]1CCCN1","1"
"HMDB0000510","Aminoadipic acid","HMDB0000510","92136","C00956","N[C@@H](CCCC(O)=O)C(O)=O","1"
"HMDB0001325","N6,N6,N6-Trimethyl-L-lysine","HMDB0001325","440120","C03793","C[N+](C)(C)CCCC[C@H](N)C([O-])=O","1"
"HMDB0013222","Guanidinopropionic acid","HMDB0013222","67701","C03065","NC(=N)NCCC(O)=O","1"
"HMDB0029423","Acetylhomoserine","HMDB0029423","528","C01077","CC(=O)OCCC(N)C(O)=O","1"
"HMDB0001539","Asymmetric dimethylarginine","HMDB0001539","123831","C03626","N[C@@H](CCC\N=C(/N)N(C)C)C(O)=O","1"
"HMDB0000805","NA","NA","NA","NA","NA","0"
"HMDB0001149","5-Aminolevulinic acid","HMDB0001149","137","C00430","NCC(=O)CCC(O)=O","1"
"HMDB0000696","Methionine","HMDB0000696","6137","C00073","CSCC[C@H](N)C(O)=O","1"
"HMDB0002201","N-Carboxyethyl-g-aminobutyric acid","HMDB0002201","2572",NA,"OC(=O)CCCNCCC(O)=O","1"
"HMDB0028952","Lysylhydroxyproline","HMDB0028952","68578696",NA,"NCCCC[C@H](N)C(=O)N1C[C@H](O)C[C@H]1C(O)=O","1"
"HMDB0003464","4-Guanidinobutanoic acid","HMDB0003464","500","C01035","NC(=N)NCCCC(O)=O","1"
"HMDB0000684","Kynurenine","HMDB0000684","161166","C00328","N[C@@H](CC(=O)C1=CC=CC=C1N)C(O)=O","1"
"HMDB0000158","L-Tyrosine","HMDB0000158","6057","C00082","N[C@@H](CC1=CC=C(O)C=C1)C(O)=O","1"
"HMDB0000267","Pyroglutamic acid","HMDB0000267","7405","C01879","OC(=O)[C@@H]1CCC(=O)N1","1"
"HMDB0028974","Methionylhydroxyproline","HMDB0028974","69040786",NA,"CSCC[C@H](N)C(=O)N1C[C@H](O)C[C@H]1C(O)=O","1"
"HMDB0001859","Acetaminophen","HMDB0001859","1983","C06804","CC(=O)NC1=CC=C(O)C=C1","1"
"HMDB0028886","Histidylhydroxyproline","HMDB0028886","9900059",NA,"N[C@@H](CC1=CNC=N1)C(=O)N1C[C@H](O)C[C@H]1C(O)=O","1"
"HMDB0030396","(±)-Tryptophan","HMDB0030396","1148","C00806","NC(CC1=CNC2=C1C=CC=C2)C(O)=O","1"
"HMDB0029061","Threonylglycine","HMDB0029061","7010575",NA,"C[C@@H](O)[C@H](N)C(=O)NCC(O)=O","1"
"HMDB0028795","Glutaminylglutamine","HMDB0028795","7010587",NA,"N[C@@H](CCC(N)=O)C(=O)N[C@@H](CCC(N)=O)C(O)=O","1"
"HMDB0028829","Glutamylthreonine","HMDB0028829","6998031",NA,"C[C@@H](O)[C@H](NC(=O)[C@@H](N)CCC(O)=O)C(O)=O","1"
"HMDB0028922","Leucylalanine","HMDB0028922","81721",NA,"CC(C)C[C@H](N)C(=O)N[C@@H](C)C(O)=O","1"
"HMDB0000033","Carnosine","HMDB0000033","439224","C00386","NCCC(=O)N[C@@H](CC1=CN=CN1)C(O)=O","1"
"HMDB0029033","Serylarginine","HMDB0029033","25216635",NA,"N[C@@H](CO)C(=O)N[C@@H](CCCNC(N)=N)C(O)=O","1"
"HMDB0000856","N-alpha-Acetyl-L-citrulline","HMDB0000856","656979","C15532","CC(=O)N[C@@H](CCCNC(N)=O)C(O)=O","1"
"HMDB0000446","N-alpha-Acetyl-L-lysine","HMDB0000446","92907","C12989","CC(=O)N[C@@H](CCCCN)C(O)=O","1"
"HMDB0029027","Prolyl-Threonine","HMDB0029027","18218237",NA,"CC(O)C(NC(=O)C1CCCN1)C(O)=O","1"
"HMDB0028686","Alanylglutamic acid","HMDB0028686","128841",NA,"C[C@H](N)C(=O)N[C@@H](CCC(O)=O)C(O)=O","1"
"HMDB0028790","Glutaminylalanine","HMDB0028790","9813211",NA,"C[C@H](NC(=O)[C@@H](N)CCC(N)=O)C(O)=O","1"
"HMDB0001138","N-Acetyl-L-glutamic acid","HMDB0001138","70914","C00624","CC(=O)N[C@@H](CCC(O)=O)C(O)=O","1"
"HMDB0029016","Prolyl-Glutamate","HMDB0029016","3563697",NA,"OC(=O)CCC(NC(=O)C1CCCN1)C(O)=O","1"
"HMDB0004620","N-a-Acetyl-L-arginine","HMDB0004620","67427",NA,"CC(=O)N[C@@H](CCCNC(N)=N)C(O)=O","1"
"HMDB0011172","gamma-Glutamylvaline","HMDB0011172","7015683",NA,"CC(C)[C@H](NC(=O)CC[C@H](N)C(O)=O)C(O)=O","1"
"HMDB0029132","Valyllysine","HMDB0029132","168058",NA,"CC(C)[C@H](N)C(=O)N[C@@H](CCCCN)C(O)=O","1"
"HMDB0028973","Methionyl-Glycine","HMDB0028973","259185",NA,"CSCCC(N)C(=O)NCC(O)=O","1"
"HMDB0028832","Glutamylvaline","HMDB0028832","6992567",NA,"CC(C)[C@H](NC(=O)[C@@H](N)CCC(O)=O)C(O)=O","1"
"HMDB0011180","Prolylproline","HMDB0011180","11622593",NA,"OC(=O)[C@@H]1CCCN1C(=O)[C@@H]1CCCN1","1"
"HMDB0028695","Alanylproline","HMDB0028695","83525",NA,"C[C@H](N)C(=O)N1CCC[C@H]1C(O)=O","1"
"HMDB0028923","Leucyl-Arginine","HMDB0028923","3800205",NA,"CC(C)CC(N)C(=O)NC(CCCNC(N)=N)C(O)=O","1"
"HMDB0011171","gamma-Glutamylleucine","HMDB0011171","151023",NA,"CC(C)C[C@H](NC(=O)CC[C@H](N)C(O)=O)C(O)=O","1"
"HMDB0029140","Valylvaline","HMDB0029140","107475",NA,"CC(C)[C@H](N)C(=O)N[C@@H](C(C)C)C(O)=O","1"
"HMDB0029135","Valylproline","HMDB0029135","9837272",NA,"CC(C)[C@H](N)C(=O)N1CCC[C@H]1C(O)=O","1"
"HMDB0028963","Lysyltyrosine","HMDB0028963","7021820",NA,"NCCCC[C@H](N)C(=O)N[C@@H](CC1=CC=C(O)C=C1)C(O)=O","1"
"HMDB0028927","Leucyl-Glutamine","HMDB0028927","4305457",NA,"CC(C)CC(N)C(=O)NC(CCC(N)=O)C(O)=O","1"
"HMDB0011174","Isoleucylproline","HMDB0011174","444876",NA,"CC[C@H](C)[C@H](N)C(=O)N1CCC[C@H]1C(O)=O","1"
"HMDB0029065","Threonylleucine","HMDB0029065","7021827",NA,"CC(C)C[C@H](NC(=O)[C@@H](N)[C@@H](C)O)C(O)=O","1"
"HMDB0028801","Glutaminylleucine","HMDB0028801","44232492",NA,"CC(C)C[C@H](NC(=O)[C@@H](N)CCC(N)=O)C(O)=O","1"
"HMDB0028942","Leucyl-Valine","HMDB0028942","352038",NA,"CC(C)CC(N)C(=O)NC(C(C)C)C(O)=O","1"
"HMDB0028889","Histidylleucine","HMDB0028889","189008","C05010","CC(C)C[C@H](NC(=O)[C@@H](N)CC1=CNC=N1)C(O)=O","1"
"HMDB0029068","Threonylphenylalanine","HMDB0029068","7010579",NA,"C[C@@H](O)[C@H](N)C(=O)N[C@@H](CC1=CC=CC=C1)C(O)=O","1"
"HMDB0028933","Leucylleucine","HMDB0028933","94244","C11332","CC(C)C[C@H](N)C(=O)N[C@@H](CC(C)C)C(O)=O","1"
"HMDB0000902","NAD","HMDB0000902","5892","C00003","NC(=O)C1=C[N+](=CC=C1)[C@@H]1O[C@H](COP([O-])(=O)OP(O)(=O)OC[C@H]2O[C@H]([C@H](O)[C@@H]2O)N2C=NC3=C2N=CN=C3N)[C@@H](O)[C@H]1O","1"
"HMDB0000767","Pseudouridine","HMDB0000767","15047","C02067","OC[C@H]1O[C@H]([C@H](O)[C@@H]1O)C1=CNC(=O)NC1=O","1"
"HMDB0011648","1-(beta-D-Ribofuranosyl)-1,4-dihydronicotinamide","HMDB0011648","11507134","C15497","NC(=O)C1=CN(C=CC1)[C@@H]1O[C@H](CO)[C@@H](O)[C@H]1O","1"
"HMDB0000014","Deoxycytidine","HMDB0000014","13711","C00881","NC1=NC(=O)N(C=C1)[C@H]1C[C@H](O)[C@@H](CO)O1","1"
"HMDB0001517","AICAR","HMDB0001517","65110","C04677","NC(=O)C1=C(N)N(C=N1)[C@@H]1O[C@H](COP(O)(O)=O)[C@@H](O)[C@H]1O","1"
"HMDB0006534","D-Xylulose 1-phosphate","HMDB0006534","151020",NA,"OC[C@@H](O)[C@H](O)C(=O)COP(O)(O)=O","1"
"HMDB0005831","Sorbitol-6-phosphate","HMDB0005831","618","C01096","OCC(O)C(O)C(O)C(O)COP(O)(O)=O","1"
"HMDB0001213","1-Deoxy-D-xylulose 5-phosphate","HMDB0001213","443201","C11437","CC(=O)[C@@H](O)[C@H](O)COP(O)(O)=O","1"
"HMDB0001193","5(S)-Hydroperoxyeicosatetraenoic acid","HMDB0001193","5280778","C05356","CCCCC\C=C/C\C=C/C\C=C/C=C/[C@H](CCCC(O)=O)OO","1"
"HMDB0037831","xi-8-Hydroxyhexadecanedioic acid","HMDB0037831","16061042",NA,"OC(CCCCCCCC(O)=O)CCCCCCC(O)=O","1"
"HMDB0034561","Houttuynin","HMDB0034561","14443308","C16947","CCCCCCCCCCCC(=O)CC=O","1"
"HMDB0000985","Dihydrolipoamide","HMDB0000985","663","C00579","OC(=N)CCCCC(S)CCS","1"
"HMDB0013127","3-Hydroxybutyrylcarnitine","HMDB0013127","53481617",NA,"C[C@@H](O)CC(=O)O[C@@H](CC([O-])=O)C[N+](C)(C)C","1"
"HMDB0000824","Propionylcarnitine","HMDB0000824","188824","C03017","CCC(=O)O[C@H](CC(O)=O)C[N+](C)(C)C","1"
"HMDB0000736","Isobutyryl-L-carnitine","HMDB0000736","168379",NA,"CC(C)C(=O)O[C@H](CC(O)=O)C[N+](C)(C)C","1"
"HMDB0000688","Isovalerylcarnitine","HMDB0000688","6426851",NA,"CC(C)CC(=O)OC(CC([O-])=O)C[N+](C)(C)C","1"
"HMDB0013335","3-Hydroxyhexadecadienoylcarnitine","HMDB0013335","53481689",NA,"CCC\C=C/C\C=C/CCCCC[C@@H](O)CC(=O)O[C@H](CC([O-])=O)C[N+](C)(C)C","1"
"HMDB0013334","9,12-Hexadecadienoylcarnitine","HMDB0013334","53481687",NA,"CCC\C=C/C\C=C/CCCCCCCC(=O)O[C@H](CC(O)=O)C[N+](C)(C)C","1"
"HMDB0002250","Dodecanoylcarnitine","HMDB0002250","168381",NA,"CCCCCCCCCCCC(=O)O[C@H](CC(O)=O)C[N+](C)(C)C","1"
"HMDB0011475","LysoPE(0:0/18:1(11Z))","HMDB0011475","53480924",NA,"[H][C@@](CO)(COP(O)(=O)OCCN)OC(=O)CCCCCCCCC\C=C/CCCCCC","1"
"HMDB0004610","Phytosphingosine","HMDB0004610","122121","C12144","CCCCCCCCCCCCCC[C@@H](O)[C@@H](O)[C@@H](N)CO","1"
"HMDB0001565","Phosphorylcholine","HMDB0001565","1014","C00588","C[N+](C)(C)CCOP(O)(O)=O","1"
"HMDB0031859","Norfuraneol","HMDB0031859","4564493",NA,"CC1=C(O)C(=O)CO1","1"
"HMDB0006101","Enterolactone","HMDB0006101","114739","C18165","OC1=CC=CC(C[C@@H]2COC(=O)[C@H]2CC2=CC(O)=CC=C2)=C1","1"
"HMDB0006236","Phenylacetaldehyde","HMDB0006236","998","C00601","O=CCC1=CC=CC=C1","1"
"HMDB0012556","13'-Carboxy-alpha-tocotrienol","HMDB0012556","53481462",NA,"C\C(CC\C=C(/C)C(O)=O)=C\CC\C(C)=C/CC[C@]1(C)CCC2=C(O1)C(C)=C(C)C(O)=C2C","1"
"HMDB0035830","Genipin","HMDB0035830","23340","C09780","COC(=O)C1=COC(O)C2C1CC=C2CO","1"
"HMDB0000114","Glycerylphosphorylethanolamine","HMDB0000114","123874","C01233","NCCOP(O)(=O)OCC(O)CO","1"
"HMDB0032538","Triethanolamine","HMDB0032538","7618","C06771","OCCN(CCO)CCO","1"
"HMDB0002271","Imidazolepropionic acid","HMDB0002271","70630","C20522","OC(=O)CCC1=CNC=N1","1"
"HMDB0031338","5-Oxo-2(5H)-isoxazolepropanenitrile","HMDB0031338","171055",NA,"O=C1ON(CCC#N)C=C1","1"
"HMDB0001416","Pantetheine 4'-phosphate","HMDB0001416","115254","C01134","CC(C)(COP(O)(O)=O)[C@@H](O)C(=O)NCCC(=O)NCCS","1"
"HMDB0013733","1,2,4-Trimethylbenzene","HMDB0013733","7247","C14533","CC1=CC(C)=C(C)C=C1","1"
